{"cameraMode":{"drawMode":0,"name":"Shaded","section":"Shading Mode"},"sceneLighting":false,"audioPlay":false,"sceneViewState":{"showFog":true,"showMaterialUpdate":false,"showSkybox":false,"showFlares":true,"showImageEffects":true,"showParticleSystems":true,"showVisualEffectGraphs":true,"m_FxEnabled":true},"in2DMode":false,"pivot":{"x":-0.21205715835094453,"y":0.02275824546813965,"z":0.4061799943447113},"rotation":{"x":-0.02543119713664055,"y":-0.9655749201774597,"z":0.10352762043476105,"w":-0.2372066080570221},"size":0.7901663184165955,"orthographic":false}