{"cameraMode":{"drawMode":0,"name":"Shaded","section":"Shading Mode"},"sceneLighting":true,"audioPlay":false,"sceneViewState":{"showFog":true,"showMaterialUpdate":false,"showSkybox":true,"showFlares":true,"showImageEffects":true,"showParticleSystems":true,"showVisualEffectGraphs":true,"m_FxEnabled":true},"in2DMode":false,"pivot":{"x":-1.7012182474136353,"y":6.2966766357421879,"z":-11.064811706542969},"rotation":{"x":-0.40820080041885378,"y":-0.12484951317310333,"z":0.056620243936777118,"w":-0.9024303555488586},"size":5.5953192710876469,"orthographic":false}